Designator,Footprint,Quantity,Value,LCSC Part #
"C1, C12, C13, C15, C16, C17, C18, C19, C2, C7",01005,10,100n 50V,C307331
"C10, C3, C4, C6",1206,4,10u 50V,C13585
C11,0402,1,10u 6V3,C15525
C14,01005,1,10u 6V3,C15525
C5,0805,1,2n2 50V,C28260
"C8, C9",1206,2,22u 10V,C5672
"D1, D11",0603,2,LED_GREEN,C72043
D10,0603,1,LED_YELLOW,C72038
"D12, D9",SOT-23-6,2,SMF05CT1G,C15879
D2,DO-214AC,1,SS54,C22452
"D3, D7",0603,2,LED_BLUE,C72041
D4,D_MiniMELF,1,BZV55B5V6,C8062
"D5, D6",D_SOD-323,2,1N5819WS,C191023
D8,0603,1,LED_YLW,C72038
F1,1206,1,60V 120mA,C70066
J1,USB_C_Receptacle_G-Switch_GT-USB-7010ASV,1,USB_C_Prog,C2927038
"J3, J9",Hirose_FH12-8S-0.5SH_1x08-1MP_P0.50mm_Horizontal,2,IMU_FFC_Conn,C283141
J7,AMASS_XT60PW-M_1x02_P7.20mm_Horizontal,1,XT60 - M,C98732
J8,USB_C_Receptacle_G-Switch_GT-USB-7010ASV,1,USB_C_OTG,C2927038
L1,L_Chilisin_BMRx00060630,1,6u8,C128690
Q1,SOT-23,1,AO3401A,C15127
"Q2, Q3",SOT-23,2,MMBT5551,C2145
"R1, R4, R41, R42, R5, R6, R7, R8, R9",0402,9,47,C25118
"R10, R12, R14, R29, R30, R33, R38, R39, R40",0402,9,1k,C11702
"R11, R19, R21, R22, R37",0402,5,10k,C25744
R13,0402,1,3k3,C25890
R15,0402,1,33k,C25779
R16,0402,1,5k6,C25908
R17,0402,1,680,C25130
R18,0402,1,24k,C25769
"R2, R3",0402,2,100,C25076
R20,0402,1,130k,C22795
"R23, R24",0402,2,0,C17168
"R25, R26, R34, R35",0402,4,5k1,C25905
R27,0402,1,56k,C25796
R28,0402,1,120k,C25750
"R31, R32",0402,2,10,C25077
R36,0603,1,100,C22775
RV1,Potentiometer_Bourns_TC33X_Vertical,1,10k,C719176
U1,XCVR_ESP32-S3-WROOM-1-N4R2,1,ESP32-S3-WROOM-1-N4R2,C2913204
U2,SOIC127P599X175-9N,1,RT7272BGSP,C127866
U3,SOT-223-3_TabPin2,1,AMS1117-3.3,C6186
"U4, U6",SOT-23-6,2,USBLC6-4SC6,C85364
U5,QFN-28-1EP_5x5mm_P0.5mm_EP3.35x3.35mm,1,CP2102N-Axx-xQFN28,C964632
U7,SOIC-8_3.9x4.9mm_P1.27mm,1,LM358,C7955
Ue,PQFN50P300X250X86-14N,1,LSM6DSLTR,C967633
